<assembly>
	<includeBaseDirectory>false</includeBaseDirectory>
	<formats>
		<format>dir</format>

	</formats>

	<fileSets>
		<fileSet>
			<directory>../gatein-josso-181/target/josso-181</directory>
			<outputDirectory>gatein-josso-181</outputDirectory>
		</fileSet>
      <fileSet>
         <directory>../gatein-josso-182/target/josso-182</directory>
         <outputDirectory>gatein-josso-182</outputDirectory>
      </fileSet>
      <fileSet>
         <directory>src/main/resources/plugin</directory>
         <outputDirectory>josso-181/plugin</outputDirectory>
      </fileSet>
      <fileSet>
         <directory>src/main/resources/plugin</directory>
         <outputDirectory>josso-182/plugin</outputDirectory>
         <excludes>
            <exclude>lib/josso-gateway-config.xml</exclude>
         </excludes>
      </fileSet>
      <fileSet>
         <directory>src/main/resources/plugin-182/lib</directory>
         <outputDirectory>josso-182/plugin/lib</outputDirectory>
      </fileSet>
	</fileSets>

	<dependencySets>

		<dependencySet>
			<outputDirectory>josso-181/plugin/webapps/josso/WEB-INF/lib</outputDirectory>
			<useProjectArtifact>false</useProjectArtifact>
			<useTransitiveDependencies>false</useTransitiveDependencies>
			<includes>
				<include>commons-httpclient:commons-httpclient</include>
				<include>commons-logging:commons-logging</include>
        <include>org.gatein.sso:sso-common-plugin</include>
				<include>org.gatein.sso:sso-josso-plugin</include>
			</includes>
		</dependencySet>

      <dependencySet>
         <outputDirectory>josso-182/plugin/webapps/josso/WEB-INF/lib</outputDirectory>
         <useProjectArtifact>false</useProjectArtifact>
         <useTransitiveDependencies>false</useTransitiveDependencies>
         <includes>
            <include>commons-httpclient:commons-httpclient</include>
            <include>commons-logging:commons-logging</include>
            <include>org.gatein.sso:sso-common-plugin</include>
            <include>org.gatein.sso:sso-josso-plugin</include>
         </includes>
      </dependencySet>

	</dependencySets>

</assembly>