<?xml version='1.0' encoding="UTF-8"?>

<!DOCTYPE ModuleProperties PUBLIC "=//iPlanet//Authentication Module Properties XML Interface 1.0 DTD//EN"
          "jar://com/sun/identity/authentication/Auth_Module_Properties.dtd">

<ModuleProperties moduleName="AuthenticationPlugin" version="1.0" >
  <Callbacks length="2" order="1" timeout="60"
             header="GateIn OpenAM Login" >
    <NameCallback>
      <Prompt>
		Username
      </Prompt>
    </NameCallback>
    <PasswordCallback echoPassword="false" >
      <Prompt>
		Password
      </Prompt>
    </PasswordCallback>
  </Callbacks>
</ModuleProperties>
