<?xml version="1.0" encoding="ISO-8859-1"?>
<configuration
      xmlns:xsi="http://www.w3.org/2001/XMLSchema-instance"
      xsi:schemaLocation="http://www.exoplaform.org/xml/ns/kernel_1_2.xsd http://www.exoplaform.org/xml/ns/kernel_1_2.xsd"
      xmlns="http://www.exoplaform.org/xml/ns/kernel_1_2.xsd">

  <component>
    <key>org.gatein.sso.authentication.callback.AuthenticationHandler</key>
    <type>org.gatein.sso.authentication.callback.AuthenticationHandler</type>
    <init-params>
      <value-param>
        <name>ssoCallbackEnabled</name>
        <value>${gatein.sso.callback.enabled:false}</value>
      </value-param>
    </init-params>
  </component>

</configuration>