<?xml version="1.0" encoding="ISO-8859-1"?>
<!--

    Copyright (C) 2009 eXo Platform SAS.

    This is free software; you can redistribute it and/or modify it
    under the terms of the GNU Lesser General Public License as
    published by the Free Software Foundation; either version 2.1 of
    the License, or (at your option) any later version.

    This software is distributed in the hope that it will be useful,
    but WITHOUT ANY WARRANTY; without even the implied warranty of
    MERCHANTABILITY or FITNESS FOR A PARTICULAR PURPOSE. See the GNU
    Lesser General Public License for more details.

    You should have received a copy of the GNU Lesser General Public
    License along with this software; if not, write to the Free
    Software Foundation, Inc., 51 Franklin St, Fifth Floor, Boston, MA
    02110-1301 USA, or see the FSF site: http://www.fsf.org.

-->

<configuration xmlns:xsi="http://www.w3.org/2001/XMLSchema-instance"
               xsi:schemaLocation="http://www.exoplaform.org/xml/ns/kernel_1_2.xsd http://www.exoplaform.org/xml/ns/kernel_1_2.xsd"
               xmlns="http://www.exoplaform.org/xml/ns/kernel_1_2.xsd">
  <external-component-plugins>
    <target-component>org.gatein.sso.integration.SSOFilterIntegrator</target-component>
    <component-plugin>
      <name>InitiateLoginFilter</name>
      <set-method>addPlugin</set-method>
      <type>org.gatein.sso.integration.SSOFilterIntegratorPlugin</type>
      <init-params>
        <value-param>
          <name>filterClass</name>
          <value>org.gatein.security.sso.spnego.SPNEGOSSOFilter</value>
        </value-param>
        <value-param>
          <name>enabled</name>
          <value>${gatein.sso.filter.spnego.enabled:false}</value>
        </value-param>
        <value-param>
          <name>filterMapping</name>
          <value>/*</value>
        </value-param>

        <value-param>
          <name>patterns</name>
          <value>${gatein.sso.filter.spnego.pattern:/login,/spnegosso}</value>
        </value-param>
        <value-param>
          <name>loginServletPath</name>
          <value>${gatein.sso.filter.spnego.loginServletPath:/login}</value>
        </value-param>
        <value-param>
          <name>securityDomain</name>
          <value>${gatein.sso.filter.spnego.securityDomain:spnego-server}</value>
        </value-param>
      </init-params>
    </component-plugin>
  </external-component-plugins>
</configuration>
