<assembly>
  <includeBaseDirectory>false</includeBaseDirectory>
  <formats>
    <format>dir</format>
  </formats>

  <fileSets>
    <fileSet>
      <directory>src/main/resources</directory>
      <outputDirectory></outputDirectory>
    </fileSet>
  </fileSets>

  <dependencySets>
    <dependencySet>
      <outputDirectory>plugin/WEB-INF/lib</outputDirectory>
      <useProjectArtifact>false</useProjectArtifact>
      <useTransitiveDependencies>false</useTransitiveDependencies>
      <includes>
        <include>org.gatein.sso:sso-common-plugin</include>
        <include>org.gatein.sso:sso-cas4-plugin</include>
        <include>commons-httpclient:commons-httpclient</include>
      </includes>
    </dependencySet>
  </dependencySets>

</assembly>