<?xml version="1.0" encoding="UTF-8"?>

<!--
  ~ JBoss, Home of Professional Open Source.
  ~ Copyright 2012, Red Hat, Inc., and individual contributors
  ~ as indicated by the @author tags. See the copyright.txt file in the
  ~ distribution for a full listing of individual contributors.
  ~
  ~ This is free software; you can redistribute it and/or modify it
  ~ under the terms of the GNU Lesser General Public License as
  ~ published by the Free Software Foundation; either version 2.1 of
  ~ the License, or (at your option) any later version.
  ~
  ~ This software is distributed in the hope that it will be useful,
  ~ but WITHOUT ANY WARRANTY; without even the implied warranty of
  ~ MERCHANTABILITY or FITNESS FOR A PARTICULAR PURPOSE. See the GNU
  ~ Lesser General Public License for more details.
  ~
  ~ You should have received a copy of the GNU Lesser General Public
  ~ License along with this software; if not, write to the Free
  ~ Software Foundation, Inc., 51 Franklin St, Fifth Floor, Boston, MA
  ~ 02110-1301 USA, or see the FSF site: http://www.fsf.org.
  -->

<module xmlns="urn:jboss:module:1.0" name="org.gatein.sso">

  <resources>
    <!-- Insert resources here -->
  </resources>
  <dependencies>
    <module name="javax.api" />
    <module name="javax.servlet.api" />
    <module name="javax.servlet.jsp.api" />
    <module name="javax.ws.rs.api" />
    <module name="org.apache.commons.logging" />
    <module name="org.apache.httpcomponents" />
    <module name="org.gatein.common" />
    <module name="org.gatein.lib" />
    <module name="org.gatein.wci" />
    <module name="org.jboss.as.web"/>
    <module name="org.jboss.logging"/>
    <module name="org.jboss.security.negotiation" />
    <module name="org.picketbox" />
    <module name="org.picketlink" />
    <module name="javax.xml.rpc.api" />
    <module name="javax.wsdl4j.api" />
    <module name="javax.mail.api" />
  </dependencies>
</module>

