<assembly>
   <includeBaseDirectory>false</includeBaseDirectory>
   <formats>
      <format>dir</format>

   </formats>

   <fileSets>
     <fileSet>
       <directory>src/main/resources/idp-sig.war</directory>
       <outputDirectory>idp-sig.war</outputDirectory>
     </fileSet>
   </fileSets>

   <dependencySets>

     <dependencySet>
       <outputDirectory>idp-sig.war/WEB-INF/lib</outputDirectory>
       <useProjectArtifact>false</useProjectArtifact>
       <useTransitiveDependencies>false</useTransitiveDependencies>
       <includes>
         <include>org.gatein.sso:sso-common-plugin</include>
         <include>org.gatein.sso:sso-saml-plugin</include>
       </includes>
     </dependencySet>

   </dependencySets>

</assembly>